{
  "project_info": {
    "project_number": "176292334634",
    "firebase_url": "https://hw8firebaseproject-1b0e2.firebaseio.com",
    "project_id": "hw8firebaseproject-1b0e2",
    "storage_bucket": "hw8firebaseproject-1b0e2.appspot.com"
  },
  "client": [
    {
      "client_info": {
        "mobilesdk_app_id": "1:176292334634:android:333cda4618de1b9f",
        "android_client_info": {
          "package_name": "com.example.a115.hw8"
        }
      },
      "oauth_client": [
        {
          "client_id": "176292334634-fn6bgo8ork6s7465tcp7ntnkrsjleb66.apps.googleusercontent.com",
          "client_type": 1,
          "android_info": {
            "package_name": "com.example.a115.hw8",
            "certificate_hash": "3078e3492b9f5cc8d7466eed0d7630c9d4bd300f"
          }
        },
        {
          "client_id": "176292334634-f7aujqde3adil604u7n13qn14n3gvpng.apps.googleusercontent.com",
          "client_type": 3
        },
        {
          "client_id": "176292334634-f7aujqde3adil604u7n13qn14n3gvpng.apps.googleusercontent.com",
          "client_type": 3
        }
      ],
      "api_key": [
        {
          "current_key": "AIzaSyAkLUywWZHfbZSpsMQmVlI3Ws8zydbgR1k"
        }
      ],
      "services": {
        "analytics_service": {
          "status": 1
        },
        "appinvite_service": {
          "status": 2,
          "other_platform_oauth_client": [
            {
              "client_id": "176292334634-f7aujqde3adil604u7n13qn14n3gvpng.apps.googleusercontent.com",
              "client_type": 3
            }
          ]
        },
        "ads_service": {
          "status": 2
        }
      }
    }
  ],
  "configuration_version": "1"
}